,K,befor,after,bt_05,bt_1,bt_15,bt_20,bt_25,ft_05,ft_1,ft_15,ft_20,ft_25
0,1,1.0279887882930052,[1.72100932],0.6157500000000001,0.3256875,0.140375,0.049875,0.013500000000000003,0.6992973165068183,0.45683431035886046,0.267028364813029,0.13394923314280707,0.05135442417165683
1,2,0.9924462681908178,[1.59861505],0.6121875,0.31425,0.13037500000000005,0.04412499999999999,0.012375000000000004,0.704023439063518,0.45219994380592377,0.25652713969126395,0.11523815925994647,0.03848061006473043
2,3,1.0048260392718684,[1.47493512],0.61025,0.3153125,0.1369375,0.04693750000000001,0.012125000000000006,0.6970902347519656,0.44014192740401475,0.24196947272503863,0.09953612558264364,0.025557544489646856
3,4,0.9925796422960251,[1.4257555],0.6169374999999999,0.317875,0.12968749999999998,0.045875,0.012125,0.6958630521358944,0.4310147627578325,0.227167790484932,0.09608689393782681,0.022669594472150827
4,5,0.9885750918405698,[1.30585438],0.6146874999999999,0.31375,0.13112500000000002,0.04524999999999999,0.012125000000000006,0.6836049805658121,0.41054816760850416,0.2013931477815123,0.07505466414021378,0.019539182582449476
5,6,1.0016254758715044,[1.30939854],0.6108749999999998,0.31606249999999997,0.13387500000000002,0.046,0.013500000000000003,0.6738113750037926,0.40452075759053174,0.20321242995580474,0.0766706647704332,0.021119551591909064
6,7,0.9906341581446331,[1.26844807],0.61625,0.311625,0.1333125,0.045750000000000006,0.011000000000000005,0.6740406884074537,0.39652750282379123,0.19495051507165834,0.07261884610756406,0.01830072743217622
7,8,0.98867600882291,[1.17924914],0.618875,0.31325000000000003,0.1316875,0.0445,0.012312500000000004,0.6695540399220057,0.3819117705739067,0.1771709323261414,0.05847067620748875,0.013424778002265983
8,9,1.0138834688785892,[1.21091046],0.6221874999999999,0.3191875,0.1368125,0.046875,0.012937500000000001,0.663593200605313,0.3761404281731391,0.17806151213048502,0.06457001579644985,0.018657924489765373
9,10,1.0064697902846895,[1.16652365],0.6194375,0.3181875,0.13375000000000004,0.0466875,0.012625000000000003,0.6581947550793501,0.37011762349573074,0.17188149085729099,0.0609032375594322,0.013769490098959761
10,11,0.9845230522064975,[1.13263104],0.6118750000000001,0.31256249999999997,0.12975,0.0465,0.012375000000000004,0.6505121454984429,0.364978333654567,0.16379387617815871,0.055336510924319106,0.013693002207916697
11,12,1.001133822550131,[1.08797078],0.61575,0.32025000000000003,0.1333125,0.04481249999999999,0.011750000000000002,0.6503714999976817,0.3564486217839162,0.15173790625820632,0.050965380045067676,0.01145371369927828
12,13,1.0089348575662833,[1.08222854],0.619375,0.31687499999999996,0.134,0.04656250000000001,0.013875000000000002,0.6481453946523699,0.35112511035745503,0.1484343064260137,0.050122474582429875,0.012411142643218692
13,14,0.9768044595083518,[1.06594491],0.6086874999999999,0.30831250000000004,0.12818749999999998,0.044250000000000005,0.012125000000000002,0.6488083146253638,0.34765322625022926,0.14898040350103084,0.046756735160851104,0.01056382679257807
14,15,0.9988273424828945,[1.06878294],0.6151875000000002,0.3207499999999999,0.13337500000000002,0.04562499999999999,0.010687500000000004,0.6427134205265667,0.3465604371062677,0.14713272019957416,0.047865906434215136,0.01249414133490537
15,16,0.9978676286817407,[1.02743812],0.6197500000000001,0.31862499999999994,0.12962500000000002,0.045875000000000006,0.013937500000000002,0.6388501210771944,0.342476165750183,0.1402036626622669,0.04318991089358949,0.009536906591097979
16,17,1.001535726327048,[1.01870086],0.6228125,0.31875000000000003,0.13381249999999997,0.04581249999999999,0.012500000000000002,0.6395443021180385,0.3352630180520907,0.13708436773543736,0.043059927040215676,0.009998648660020582
17,18,0.997597595475812,[1.01528667],0.6193124999999998,0.3151250000000001,0.13299999999999998,0.04506249999999999,0.011375000000000001,0.6374097450457219,0.33284890459938465,0.13698513610818927,0.04277610701774706,0.009482655795502747
18,19,0.9926519398906996,[0.99328633],0.6156874999999999,0.3175625,0.131875,0.044937500000000005,0.012375000000000002,0.62834250673268,0.32668994594473955,0.133736379710653,0.04022742710552367,0.010158547997245351
19,20,1.0055028412730493,[1.02560763],0.6160000000000002,0.317875,0.1303125,0.0466875,0.013562500000000005,0.6268947994641477,0.32838538826344776,0.1366672997759547,0.046217282820171304,0.013002113076100247
20,21,0.9790320369168107,[0.95478516],0.6138124999999999,0.31074999999999997,0.12974999999999998,0.04293750000000001,0.011812500000000002,0.6132427210786437,0.31052039993353564,0.12321111832238048,0.03800057794788901,0.01061897216233092
21,22,0.994624559400101,[0.96957485],0.620625,0.3160625,0.1329375,0.0441875,0.012062500000000006,0.6285382113619877,0.3188811805041196,0.12425243269078223,0.038097696370468295,0.009711029512633607
22,23,1.0044416408808272,[0.97100447],0.6156250000000001,0.31775,0.13456249999999997,0.0441875,0.012937500000000001,0.6214984561974332,0.31858428065960254,0.12532628279983474,0.03807180966883039,0.010162844527662095
23,24,1.0113348325445148,[0.96244058],0.6160000000000001,0.3154374999999999,0.13387500000000002,0.048312499999999994,0.014500000000000004,0.6199039030961606,0.31154285302640783,0.12451579546492093,0.040803402719662415,0.009905383603581442
24,25,1.0067796364224244,[0.9665957],0.6143124999999999,0.32112499999999994,0.134375,0.04743750000000001,0.012000000000000004,0.6128250828393138,0.3133685801729587,0.12840231017336906,0.04093323478155636,0.009624176098491232
25,26,1.012879159944714,[0.96914834],0.6194375,0.31925,0.1376875,0.04687500000000001,0.013312500000000001,0.6216842518380237,0.3205116847550074,0.12910078522311447,0.03862212630901822,0.008712707088064781
26,27,0.9862835356186773,[0.90729662],0.6107499999999999,0.310125,0.13156250000000003,0.04662500000000001,0.012625000000000003,0.6012075354881469,0.29729234342945954,0.11575527630032664,0.03480917029294287,0.008134619131696007
27,28,0.9773957295880982,[0.9095293],0.6155625,0.3132499999999999,0.128625,0.0409375,0.011000000000000001,0.6099545227516237,0.3009328529804094,0.11458220439479509,0.032629019280595355,0.007285220566742512
28,29,1.0219022587248918,[0.95070559],0.6222499999999999,0.32218749999999996,0.1375,0.0479375,0.013250000000000003,0.6172380355557214,0.31022339167311935,0.12357580123428154,0.03812437314904188,0.009141481534016551
29,30,1.0031047759720848,[0.92355945],0.6174999999999999,0.32118750000000007,0.1324375,0.044812500000000005,0.0125625,0.6122146926528417,0.30076551155474895,0.11712153530050792,0.035179288603551795,0.00903754605623951
30,31,0.9830712689210948,[0.87733696],0.6127499999999999,0.31425000000000003,0.1290625,0.043625000000000004,0.012187500000000002,0.599393816986771,0.29135580920861476,0.10854412488908842,0.029696624993233195,0.007101162773634519
31,32,1.0055480927748817,[0.8997177],0.6133124999999999,0.3193125,0.1351875,0.04625,0.012062500000000002,0.5988233244947211,0.29281782820599056,0.11371627394913067,0.03440790868135421,0.00817622524785171
32,33,1.0053903301124705,[0.9052895],0.6195,0.3169375000000001,0.13475,0.044687500000000005,0.013875000000000004,0.6027854862398658,0.29483942734283464,0.11311898179419141,0.03509500830158191,0.0090251500899243
33,34,0.9915521966958375,[0.85864671],0.61675,0.3129375,0.13299999999999998,0.0441875,0.012500000000000002,0.5942285113238426,0.28279683219183405,0.10559470594409555,0.02931672617566059,0.0064682873051872865
34,35,1.0056461917346842,[0.89306346],0.6150000000000001,0.32131250000000006,0.13418750000000002,0.04731249999999999,0.012187500000000006,0.6027857559342141,0.29388548600688325,0.11176537400170647,0.031066615587736067,0.007538754858723793
35,36,1.0047652389431774,[0.90218964],0.6208125,0.3178749999999999,0.133,0.044374999999999984,0.013187500000000001,0.605900893007472,0.2904134874792269,0.11141768817657383,0.03448103716897059,0.009535925864282925
36,37,1.0151013986039743,[0.88737486],0.6215624999999999,0.3200625,0.1378125,0.0465,0.013125000000000001,0.5983262701229182,0.2895263322819022,0.11030075816630938,0.03270947645604312,0.007938048742469436
37,38,1.0066009351005651,[0.90057545],0.6157500000000001,0.31812499999999994,0.13312500000000002,0.046,0.013187500000000001,0.6007230726465045,0.2896573577595298,0.10955994725692039,0.033885362570544,0.009834198440372702
38,39,1.002080831892232,[0.86196739],0.6214999999999999,0.3194375,0.13368750000000001,0.044937500000000005,0.011937500000000005,0.6021083381499583,0.28682021508326855,0.10220411008264174,0.02928744596238659,0.006631688477969105
39,40,1.0165614089347272,[0.89233441],0.6141874999999999,0.31918749999999996,0.1383125,0.048312499999999994,0.012937500000000001,0.595637489983563,0.2884910361544296,0.11082283848403307,0.03310855533336228,0.007572964923339786
40,41,0.9853099417558522,[0.85478353],0.619125,0.318375,0.13050000000000003,0.04325,0.012062500000000002,0.5942821754997709,0.28399616743319567,0.10222116037806846,0.029398096015998788,0.006100182539801079
41,42,0.9941616137444054,[0.86715921],0.6213749999999998,0.315375,0.132375,0.043875000000000004,0.011000000000000005,0.5912138607460865,0.27871162148890805,0.10645581748008606,0.03215581714492248,0.007565169205695647
42,43,0.9826929655900644,[0.85269208],0.6209375000000001,0.31381249999999994,0.1279375,0.04287499999999999,0.012187500000000004,0.5922089524900912,0.27948998123317814,0.10123457951824763,0.03059150368630705,0.007283758599807272
43,44,0.9972610560246468,[0.84048667],0.6198125000000002,0.3190625,0.13156249999999997,0.04456249999999999,0.0125,0.5901869051040063,0.275060173509402,0.0996844212196546,0.02872704905499605,0.00678711025318908
44,45,1.01425608719873,[0.87376229],0.621625,0.31668750000000007,0.13643750000000002,0.0473125,0.013125000000000001,0.5937421403353433,0.28471427087454476,0.10802367734989578,0.03198819208599719,0.0076873705467345455
45,46,0.9878913349564844,[0.82071804],0.615625,0.31068749999999995,0.132125,0.0451875,0.0125,0.5830259940886013,0.26603756563496384,0.09792845946316185,0.027971790822104048,0.0062972894113416415
46,47,1.01090721718151,[0.84523992],0.6196249999999999,0.32281250000000006,0.13575,0.04674999999999999,0.0125625,0.5901677468114472,0.2793884601456798,0.10095319294968493,0.028629146885778257,0.006231152191721408
47,48,0.9905212321959391,[0.83410644],0.6191249999999999,0.318875,0.13131249999999997,0.043500000000000004,0.011750000000000002,0.5834357747195545,0.27499751485452684,0.09844939040664359,0.02816078678136987,0.0065846827283708555
48,49,0.985492296572686,[0.81093896],0.6155,0.31625,0.13056249999999997,0.041687499999999995,0.010312500000000002,0.5797675707209312,0.2688277158719233,0.09403263370249651,0.024664279222602125,0.005871864024826293
49,50,0.9895799913587364,[0.82241944],0.6118124999999999,0.31225,0.1308125,0.0435,0.013250000000000001,0.5777139931209515,0.2661791059204029,0.0989866867808353,0.028187089826907617,0.006830294585295757
50,51,1.0028766217754188,[0.83808471],0.6219374999999999,0.31700000000000006,0.1335625,0.04731249999999999,0.013250000000000003,0.5900660517177053,0.2727085020373791,0.10013705657719944,0.029927266976889032,0.006638112196147318
51,52,1.0108503405670457,[0.84168013],0.6200625,0.324625,0.136375,0.04581249999999999,0.012437500000000004,0.5859569687711669,0.28177122842147606,0.10006544152713545,0.028119089220194286,0.00655609610794206
52,53,1.0140500054038628,[0.82776655],0.6206875000000002,0.3205625,0.13525,0.047375,0.012937500000000001,0.5828010660225076,0.2699309415078667,0.09958907225917912,0.02805220069185745,0.0062606806121266855
53,54,0.9926636802471546,[0.83712417],0.610375,0.31018749999999995,0.131875,0.043375000000000004,0.013937500000000002,0.5763137212047702,0.2679470490305234,0.09975368657686001,0.03031625811492797,0.008443237585761702
54,55,0.9868074224548874,[0.81212481],0.6127500000000001,0.31306249999999997,0.12943749999999998,0.045750000000000006,0.01175,0.575985567027135,0.26575535707213577,0.09435660990937532,0.02766213118612601,0.005897318853902373
55,56,0.9915288263837772,[0.8223871],0.6120625,0.32075,0.13106250000000003,0.0434375,0.012937500000000001,0.5798700223280395,0.26943352347693916,0.09569706687529514,0.02755955572077231,0.007537813217047729
56,57,0.9898038982508982,[0.82433382],0.6149374999999999,0.31206249999999996,0.13324999999999998,0.0435,0.011937500000000004,0.5807903111128331,0.2686244473682254,0.09792224059233377,0.027656379188099885,0.006505840132725127
57,58,1.0131218963195485,[0.83403836],0.6205,0.32318750000000007,0.13593750000000004,0.046,0.013125000000000003,0.5870348691699765,0.2741398499920734,0.09961402537705802,0.02769364186752542,0.0066818543406943764
58,59,1.0245808292805911,[0.82346954],0.6178125000000001,0.31849999999999995,0.136125,0.050687499999999996,0.014562500000000006,0.5795924172427285,0.2647356764895036,0.09706900821073061,0.029594863590829135,0.007110580631390663
59,60,0.991489197218657,[0.81841313],0.617875,0.3140625,0.13399999999999998,0.04387499999999999,0.011312500000000003,0.5779866445106031,0.2663654893053734,0.09675321141999446,0.027782567923692103,0.00596542032613346
60,61,1.0079747197910716,[0.83692585],0.6189374999999999,0.3249375,0.13381250000000003,0.047375,0.011875000000000002,0.5825831541239249,0.27197329512219204,0.10081355019537457,0.02983230969569096,0.006423018593670479
61,62,0.987946016122318,[0.81085675],0.6211249999999999,0.31568749999999995,0.12981250000000003,0.0436875,0.011812500000000002,0.5797465781938478,0.260830068134645,0.09466710671113132,0.027626321502857504,0.006444788232701636
62,63,1.0242621897221018,[0.83442166],0.624875,0.3224999999999999,0.13668750000000002,0.04825,0.0138125,0.5847622551222778,0.2724576190215662,0.09918028275546506,0.02918528905756989,0.006612341697139668
63,64,1.0132314294814586,[0.83911454],0.6235625,0.31918749999999996,0.134125,0.046875,0.013625000000000002,0.5846287949653469,0.2708929434611511,0.09810311238210395,0.029302901921801256,0.008515814807949138
64,65,1.0131666728144604,[0.82944923],0.6173749999999999,0.32031250000000006,0.1369375,0.045562500000000006,0.013250000000000001,0.5785580877481061,0.2697326695660721,0.09906969746934938,0.028493553677272004,0.007156772791841635
65,66,1.004144135642219,[0.82989517],0.6134375000000001,0.3192499999999999,0.1375,0.04556249999999999,0.013000000000000003,0.5784419159585521,0.27094386236376683,0.09888125485449815,0.02857255935484838,0.006957668349472586
66,67,1.0006796570017538,[0.82167031],0.616375,0.31806249999999997,0.1328125,0.04531249999999999,0.012000000000000005,0.5764682091405416,0.2643491561712334,0.09712905163726321,0.02873320131985696,0.007372591705073353
67,68,1.0076710545194563,[0.82116817],0.6211875000000001,0.31749999999999995,0.1318125,0.04649999999999999,0.0136875,0.5732390752198335,0.2652862194722999,0.09504996911623129,0.029578464849237075,0.008120334173341893
68,69,1.0097678653184314,[0.81519794],0.6246875000000001,0.31725000000000003,0.13787500000000003,0.0465625,0.012062500000000004,0.5781250283326134,0.26507560842493866,0.09703646754004505,0.027755466956632485,0.005962719105021881
69,70,0.9862537185248035,[0.80847245],0.6143750000000001,0.31568749999999995,0.13043749999999998,0.043875,0.0116875,0.5788411089115411,0.26163585898259106,0.09250867573455876,0.027147133701158503,0.006434150603364906
70,71,0.9929060487996324,[0.80371608],0.6159374999999998,0.32012499999999994,0.13381250000000003,0.043250000000000004,0.010750000000000004,0.5736897429054857,0.2670107454613079,0.09471900297265282,0.025202834532607854,0.005151045966218964
71,72,0.9984046794325598,[0.8178429],0.6156875,0.31662500000000005,0.13337499999999997,0.04706249999999999,0.0125625,0.5747788531509106,0.26491842075541316,0.09709104335267776,0.028862411201378484,0.006877358892744173
72,73,0.9854931562835212,[0.81213909],0.609125,0.31399999999999995,0.1311875,0.0443125,0.012375000000000004,0.5782834430619553,0.26405930386553084,0.09635600875882118,0.026000938084055274,0.006013511578839959
73,74,0.99298122937968,[0.81424857],0.6190625000000002,0.3155625,0.13337500000000002,0.04575,0.011125000000000001,0.5803768486747505,0.2629132930657603,0.0971095312985719,0.0269033687795368,0.006042385152257633
74,75,1.020136952683864,[0.82465544],0.6169374999999999,0.3240625000000001,0.13731249999999998,0.0485,0.0123125,0.5810970869390453,0.2708335244099894,0.09842367035639853,0.02793229267734078,0.0057742141923626126
75,76,1.0000847925622878,[0.79510413],0.6132500000000001,0.31975,0.133625,0.0460625,0.013000000000000003,0.571130307962701,0.259817996672941,0.09233704335404372,0.026446555689564055,0.00584401432982221
76,77,1.0032690585868203,[0.8239346],0.6118750000000001,0.31881249999999994,0.1339375,0.0454375,0.012750000000000001,0.579038177111544,0.2669380374226772,0.09861474608982705,0.02847479946203408,0.0068320021911685985
77,78,1.0012673167584498,[0.80602141],0.6163125,0.31743749999999993,0.13218749999999999,0.044125,0.013062500000000005,0.5736600040100303,0.2626695871935779,0.09338340118611453,0.027280582933806013,0.006365553996873161
78,79,0.9849361400989258,[0.7973837],0.6136874999999999,0.31300000000000006,0.132875,0.04356249999999999,0.012250000000000004,0.5697335510424131,0.25986417219443714,0.09459263188478803,0.0262986882223742,0.005379146477042324
79,80,0.9923256797883789,[0.79512042],0.6213749999999999,0.3175,0.1306875,0.0438125,0.011437500000000003,0.5767503082743235,0.25811175139944487,0.08953978187479811,0.02657272596981234,0.0063017002042180855
80,81,0.9845464073418485,[0.80639269],0.6118125000000001,0.313,0.1309375,0.043062500000000004,0.011875,0.5708852951895164,0.26167281558336186,0.09581343130769394,0.027253870387332742,0.005952845146873752
81,82,1.0106213679546203,[0.82143296],0.6159999999999999,0.31887499999999996,0.136,0.04818750000000001,0.012625000000000003,0.5811837531528233,0.26665857238742513,0.09704664888062312,0.027816403590009774,0.006794418295834491
82,83,1.029629761303124,[0.8346125],0.6252500000000001,0.325,0.13856249999999998,0.04825,0.013937499999999997,0.5802725921875467,0.26835343425028774,0.10062746183523168,0.030646229085675665,0.007218196766293622
83,84,0.9971470950424226,[0.80454488],0.6148125,0.31074999999999997,0.1350625,0.047375,0.012500000000000002,0.5701601354794685,0.2574161999550029,0.09475801910132585,0.028838802767397715,0.006658126784571025
84,85,0.9953295246440316,[0.81977904],0.6119375,0.31237499999999996,0.1315,0.045,0.013000000000000001,0.5738724327290969,0.26291198689961826,0.09791776401489723,0.029405469864628463,0.007155894904736999
85,86,1.0124271921230124,[0.82191004],0.621125,0.32156250000000003,0.13568750000000002,0.0455,0.012562500000000004,0.5756389492124351,0.26501988754634004,0.0981103460225498,0.029659240925254855,0.006629809829713876
86,87,0.9975055797587166,[0.8014684],0.618375,0.3156875,0.135375,0.04375,0.011937500000000004,0.5737642389749131,0.2607840668613596,0.0932493302633692,0.02607987227514036,0.006352183026362866
87,88,0.997992078958888,[0.79754748],0.6185625,0.31362499999999993,0.13493750000000002,0.04687500000000001,0.011875000000000002,0.5702452839704272,0.25733706994419087,0.09437193205097134,0.027281335904852662,0.005387480012814627
88,89,0.9877477183222929,[0.80203911],0.6209375,0.3178125,0.13087500000000002,0.043875000000000004,0.011750000000000005,0.5738740935222553,0.2635751558742119,0.09404053107163798,0.025986089752101323,0.0058538135588609395
89,90,0.9909093813043119,[0.80116332],0.6126250000000001,0.31218749999999995,0.131625,0.04575,0.0125625,0.5744261203713632,0.2600152618944922,0.09210956443157375,0.026515039254271504,0.006317258968004114
90,91,1.0231031193033417,[0.82804121],0.6231249999999999,0.3270625000000001,0.13725000000000004,0.047250000000000014,0.012250000000000004,0.580831168948982,0.26832642670665263,0.09795154388389445,0.02952470214463222,0.007042558686836599
91,92,0.9974261489259305,[0.81564641],0.6111875000000001,0.3137499999999999,0.1343125,0.0476875,0.013250000000000001,0.5715699432219161,0.2634095678285714,0.09919674403425839,0.028531161530648115,0.006609137781970155
92,93,1.020902328331778,[0.83711245],0.6210625,0.32181250000000006,0.13756250000000003,0.046125000000000006,0.012937500000000001,0.5834135649463481,0.27017089244134124,0.09999600681494467,0.030342008828772193,0.007368004982226005
93,94,0.9961175663230943,[0.80326586],0.6154375,0.31937499999999996,0.13387499999999997,0.04431250000000001,0.011437500000000003,0.5733511493015909,0.2606450191454591,0.09583706739571902,0.02668057374549304,0.005511503553714948
94,95,1.0051578494421385,[0.81156713],0.61975,0.322875,0.13512500000000002,0.046375,0.0119375,0.5812345610614184,0.2663221834834362,0.09371997301395821,0.027051052205811804,0.006008028044790793
95,96,1.0102488656728397,[0.83429375],0.6181875,0.32012500000000005,0.1348125,0.0475,0.013812500000000002,0.576343297813174,0.26816609534462105,0.10138063198825273,0.030733911914023953,0.007928817855954654
96,97,1.0048692970595154,[0.81145523],0.621,0.32175000000000004,0.1340625,0.04512499999999999,0.011375000000000003,0.5770729761471867,0.2652548415353964,0.09293456831323783,0.027097542894675954,0.006709956587410966
97,98,0.995005239054502,[0.79373793],0.6219375000000001,0.3172499999999999,0.131625,0.04518749999999999,0.011500000000000003,0.5754570149244839,0.2591958408698152,0.0901159011280788,0.025167089433800742,0.006153111312894025
98,99,0.9940508604918941,[0.80026938],0.6184999999999998,0.31243750000000003,0.131375,0.045250000000000005,0.013187500000000001,0.5692718703189451,0.25890543242549213,0.09419734982301464,0.026909012131922833,0.006288522271354138
99,100,0.9832572749450602,[0.78915668],0.6176250000000001,0.3151875,0.13099999999999998,0.04399999999999999,0.010312500000000004,0.5696706234216644,0.2569253612762611,0.09120695060905135,0.025685105504745908,0.005691756177626172
100,101,0.991439162316839,[0.8159425],0.6141249999999999,0.31275,0.12987500000000002,0.04531249999999999,0.012687500000000004,0.5748646958147796,0.26527293208306213,0.09564237987690491,0.02882583240669006,0.007314162918692355
101,102,1.0041355454104526,[0.81167902],0.611,0.31875,0.1353125,0.0465,0.012437500000000004,0.5710396615649611,0.26390375291629836,0.09788127669005767,0.02766545513141221,0.00573461448718539
102,103,0.9834928662045069,[0.805563],0.616375,0.31625,0.13243750000000004,0.04312500000000001,0.010625000000000004,0.5721520170018317,0.2629466695779528,0.0937389252641225,0.026786179488652813,0.006487272214788333
103,104,1.0226459732453672,[0.82933478],0.6199374999999998,0.323,0.13868750000000002,0.0496875,0.012937500000000001,0.5810730484194951,0.2676726778054581,0.09958580601933399,0.030238715628890567,0.006625512969584152
104,105,0.9827273132537933,[0.78973579],0.6171875,0.31375,0.1279375,0.04431249999999999,0.011500000000000002,0.5715615954560073,0.2553618817066243,0.09098352965388114,0.02604958481427614,0.0056082442241765906
105,106,1.015361826841887,[0.81630837],0.619625,0.32181249999999995,0.13937499999999997,0.04712499999999999,0.011875,0.5738221420529109,0.26695602389810275,0.09801964838690944,0.02679650936780561,0.006375968039004806
106,107,1.00466330747009,[0.81034884],0.6110000000000001,0.31599999999999995,0.13100000000000003,0.04737500000000001,0.014624999999999996,0.5702672744679761,0.26185594283459,0.09510051410957829,0.028496262281866636,0.006975625135646281
107,108,0.9912603036809374,[0.80704873],0.6125,0.31393750000000004,0.13462499999999997,0.04481249999999999,0.012937500000000001,0.5714790497980575,0.2623311566360024,0.09545140440641983,0.027452870908505168,0.006431535898593696
108,109,0.9932431615852378,[0.80357902],0.6141249999999999,0.31499999999999995,0.13168749999999999,0.044375,0.011625000000000002,0.5715809107987784,0.2594306932624596,0.09471551344223841,0.027114295217479923,0.006287152108056753
109,110,1.0088736913608978,[0.83016283],0.6208750000000001,0.32049999999999995,0.13425,0.045187500000000005,0.0124375,0.5812682026096826,0.2690418673110275,0.09717129518264507,0.029266732349029722,0.0069582510839845445
110,111,0.9654310243142487,[0.79779237],0.6118125,0.30731250000000004,0.1270625,0.040312499999999994,0.012187500000000002,0.5750029954298634,0.26065641528199546,0.09205029506672718,0.02597115807585874,0.006274360066888961
111,112,1.0100025131902566,[0.81290472],0.6139374999999998,0.32231249999999995,0.135375,0.0469375,0.0138125,0.568724320751084,0.26250923405748094,0.09589448740750238,0.02872105543057956,0.00699286243819523
112,113,0.9949651217403754,[0.81771634],0.6176875000000001,0.31681250000000005,0.1328125,0.044125,0.011687500000000003,0.579127299632769,0.2656444192941118,0.09579978104474181,0.027743424968884052,0.006909637127236667
113,114,1.0080194871381558,[0.84362507],0.6124374999999999,0.31518750000000006,0.1378125,0.0459375,0.0136875,0.5811422835582853,0.2739838792710066,0.10210083540465249,0.030068119924963,0.0072111145293538735
114,115,1.00606922345939,[0.82784402],0.6155,0.31943750000000004,0.13318750000000004,0.04668750000000001,0.012937500000000001,0.5779063818654724,0.26696175041831055,0.09781858158076588,0.029298554213577875,0.007586361171946115
115,116,0.9928327707753345,[0.80210581],0.6187500000000001,0.3174375,0.13218749999999999,0.04375,0.012375000000000002,0.5784163711683131,0.26382786700454375,0.0918472057743929,0.025669801682569753,0.005652619331832488
116,117,0.994330048393398,[0.83672243],0.6151249999999999,0.3136875,0.13306250000000003,0.0458125,0.012,0.5768401458197102,0.26765669743003595,0.10134588565502729,0.03053591322899133,0.007627203778143241
117,118,0.997938965659823,[0.81586362],0.6151249999999999,0.3159374999999999,0.13181249999999997,0.0455,0.012375000000000004,0.5742485542973687,0.26000039020312915,0.09590589533440066,0.027742866335739497,0.007105888447622642
118,119,1.0218867586595182,[0.84486434],0.617375,0.3241875,0.1355,0.04787499999999999,0.013375000000000003,0.5821691209526005,0.2700482610435961,0.09956039250506907,0.030482677370789506,0.008722568533127004
119,120,1.00277594954358,[0.82824642],0.6155625,0.3189375,0.13375,0.04606249999999999,0.012250000000000006,0.5759577527029497,0.267915279489413,0.10046604377213057,0.029770597665772135,0.0070347486377403245
120,121,1.0092810083448287,[0.82012269],0.61875,0.31993750000000004,0.13725,0.047125,0.011937500000000002,0.5781748739108521,0.26572878690512697,0.0984998912070023,0.028739511969537206,0.0057991095900849976
121,122,0.9852355758982831,[0.81255597],0.61575,0.31593750000000004,0.12931250000000002,0.043375,0.011187500000000003,0.5768097860091205,0.2671438797511251,0.09535216808829558,0.02758533509668203,0.0055546844250803805
122,123,1.0043999320886021,[0.84315013],0.617875,0.31706249999999997,0.13674999999999998,0.04643750000000001,0.011687500000000002,0.5832224747836261,0.2741961593611295,0.10309718716242029,0.029386782952181945,0.006924005931032397
123,124,0.9935879376885846,[0.80924416],0.6125625,0.3160625,0.13381249999999997,0.0444375,0.012187500000000006,0.5723985771605993,0.2638682672428686,0.09651014569943114,0.027583381451958055,0.006007431593907092
124,125,1.001853303550479,[0.82634706],0.6186874999999998,0.31843750000000004,0.136125,0.045875,0.012312500000000002,0.5769178055010211,0.2691873966563585,0.09942860853338228,0.0290314236203729,0.006627864451773
125,126,0.9949934484829583,[0.81391713],0.6123125,0.319,0.13118749999999998,0.04687499999999999,0.0120625,0.5725218807098084,0.26564316171588115,0.09556308462297539,0.02774971864486528,0.006899872440877109
126,127,0.9806635585972721,[0.81159678],0.6096874999999999,0.31025,0.1290625,0.04368749999999999,0.011500000000000005,0.5715559173466371,0.26184239441944623,0.0956643606767191,0.028421013189765636,0.006755229979636517
127,128,0.9957470347315887,[0.81121154],0.6169374999999999,0.3172499999999999,0.1309375,0.044937500000000005,0.012000000000000002,0.5742605489207534,0.26200712249305386,0.09479784238294384,0.02775257439270092,0.006603502675987638
128,129,1.002839129774497,[0.82633045],0.6181249999999999,0.31487500000000007,0.1349375,0.04625,0.011437500000000001,0.5801329812498383,0.2672453318983736,0.09886555137804422,0.02839928145553624,0.006977572950916389
129,130,1.003685666810433,[0.85899717],0.6210000000000002,0.3175,0.13356250000000003,0.04606249999999999,0.012875000000000003,0.5824204626592648,0.2746856770361076,0.10467620112003226,0.033124922394927564,0.008648264120806026
130,131,0.9856240367011845,[0.81972202],0.6143750000000001,0.314375,0.12925,0.0425,0.012187500000000004,0.5759101715547321,0.265466607829741,0.0973230698234947,0.028282006817815664,0.006899589404031287
131,132,1.0092437242273105,[0.82351093],0.6245624999999999,0.3215625000000001,0.13143749999999998,0.04631249999999999,0.012750000000000003,0.5807719329465982,0.26827726066624397,0.0966945318899586,0.02840130854319934,0.0069348237480256324
132,133,0.990351310266953,[0.80629665],0.619625,0.312125,0.1311875,0.0445,0.012875000000000003,0.5784231215191538,0.261509667673765,0.09435770619595946,0.02714102029020875,0.005933999181231306
133,134,1.0044934653270983,[0.82202786],0.6206875000000001,0.3193125,0.135875,0.0455625,0.012125000000000006,0.5801641701392766,0.2662198321798324,0.09629262361364094,0.028033860038826554,0.0072239747076484565
134,135,0.9966010310307455,[0.82453352],0.6203749999999999,0.3184375,0.13381250000000003,0.044437500000000005,0.012,0.5805481180098571,0.2716815056721901,0.09860724175912723,0.02802485282715758,0.005288903423018617
135,136,0.992734846960454,[0.82643126],0.6159374999999999,0.31375,0.13368750000000001,0.0430625,0.012937500000000005,0.5797616720006756,0.2699641746180905,0.10051721936886175,0.027691377020533724,0.006512174514716159
136,137,0.9866851868086381,[0.81539739],0.6147499999999998,0.31431249999999994,0.13362500000000002,0.04443749999999999,0.011687500000000002,0.5795508318981252,0.26801951044057964,0.09899274472864722,0.027261950357635574,0.005229481136163959
137,138,1.0005912500629435,[0.83439586],0.6165624999999999,0.31762500000000005,0.13281250000000003,0.04512499999999999,0.013125000000000006,0.5812422861547071,0.2724241857068832,0.10046517348127718,0.029489094863580045,0.006550565031249367
138,139,1.0093463991037015,[0.84932926],0.6230625,0.3238750000000001,0.13424999999999995,0.045625000000000006,0.012250000000000006,0.5832805475704406,0.2721105813850627,0.10199398121677528,0.031115175770868402,0.008184282071213928
139,140,1.0019725567286977,[0.84452471],0.616,0.32025,0.13,0.04575,0.013000000000000003,0.5840691698236762,0.2718034444194005,0.09982549843241686,0.031145198731113398,0.00776290256720299
140,141,0.9994668832003193,[0.8350741],0.6181875000000001,0.31812500000000005,0.134125,0.04406249999999999,0.012875000000000001,0.5793712528468101,0.27190365908067116,0.10104215120753372,0.028890923721999962,0.007020672457483962
141,142,1.005892072441142,[0.84068633],0.6185625,0.32199999999999995,0.13399999999999998,0.045,0.011562500000000003,0.5835195438114121,0.2736761612337133,0.09954491888949704,0.02919369734323738,0.007080260553063549
142,143,0.9978215888023685,[0.84102484],0.6154375000000001,0.31818749999999996,0.13206249999999997,0.0466875,0.012187500000000004,0.5842553085205581,0.27374386977948273,0.10132489471978963,0.029509921554949647,0.00742982216724339
143,144,0.9890613711777952,[0.83314556],0.615,0.31543750000000004,0.1301875,0.04406250000000001,0.011937500000000005,0.5817504170615481,0.2707312567914583,0.09984820673720032,0.02876521748041741,0.006732625039890715
144,145,1.0203047071761855,[0.86002696],0.6248125000000002,0.32775,0.1393125,0.045687500000000006,0.010625,0.5924084468906164,0.28113389185002624,0.10571912287423399,0.030807849122659076,0.006906478283446563
145,146,0.9751188805959627,[0.83526151],0.611625,0.31281250000000005,0.12718749999999995,0.04375,0.011875000000000005,0.5828815581755217,0.2729126679428254,0.10024116830220109,0.029263392453506388,0.007020677491032054
146,147,1.0008861682269,[0.84783202],0.6213125,0.31993750000000004,0.1338125,0.043687500000000004,0.012375000000000002,0.5855184310085174,0.27557943269516705,0.10220242958639283,0.029633192011324916,0.007275680497809553
147,148,1.0002797147726157,[0.85396449],0.6203125,0.32181250000000006,0.13287500000000002,0.0444375,0.011812500000000002,0.5863472307374937,0.2783796257000435,0.10426123971188546,0.03154975230536471,0.006965825766732436
148,149,1.0139958914228133,[0.84483862],0.6245624999999999,0.32249999999999995,0.13756249999999998,0.04712499999999999,0.0125625,0.5850417902616096,0.2760236463864051,0.10256691581641045,0.03026261426500675,0.006542865217967218
149,150,0.9706574677770424,[0.8377326],0.6134375,0.30925,0.12831249999999997,0.042874999999999996,0.011625000000000002,0.5845606971859969,0.27199151243738073,0.10085040007058228,0.030148848032389403,0.006736506323120707
150,151,0.9937886210916089,[0.83985839],0.6165625000000001,0.313375,0.1321875,0.044875,0.011375000000000003,0.5838002453916016,0.2716170629840246,0.101037888895206,0.029798831048454023,0.007252538969174503
151,152,1.000769487743017,[0.84229405],0.6225625000000001,0.31918749999999996,0.13256249999999997,0.045062500000000005,0.012812500000000001,0.5863997266402412,0.27354368005991203,0.10118715267659206,0.02961228112255848,0.007675952453261739
152,153,0.9819164109771631,[0.85451109],0.613625,0.3122500000000001,0.12925000000000003,0.043500000000000004,0.012375,0.5817205823004755,0.2783997818937018,0.10542484038334907,0.03139759356078724,0.007749882685196935
153,154,0.986153635947996,[0.83914646],0.6110624999999998,0.312375,0.1286875,0.044062500000000004,0.013187500000000005,0.5802050329840887,0.2714822825715787,0.10103059055313934,0.02948372487814175,0.0078602501786494
154,155,1.0028364771595708,[0.84961856],0.6125624999999999,0.31843750000000004,0.1340625,0.044687500000000005,0.013062500000000005,0.5840943100592227,0.27631958652059996,0.10355795694835072,0.029594043118648695,0.007489301333874441
155,156,0.9987833033403481,[0.85136569],0.6159999999999999,0.316625,0.133625,0.043,0.012687500000000004,0.5839905729980109,0.2738983618440518,0.1045881571466543,0.030367040086367918,0.008023534102752817
156,157,0.991161609393193,[0.86688367],0.6104999999999999,0.3101875,0.128875,0.04831250000000001,0.013750000000000004,0.5839799363191787,0.2750878921894243,0.10707514391797923,0.034363441677507024,0.00894738575901862
157,158,0.9938741270921099,[0.85046617],0.6184375,0.31512499999999993,0.13218749999999999,0.043312500000000004,0.011375000000000005,0.5894864039880297,0.27785842729364785,0.10199102198611523,0.029945551614785283,0.0073406062999902336
158,159,0.9910372033067321,[0.85095897],0.6111875,0.31725,0.1333125,0.0440625,0.012125000000000002,0.5842480721344335,0.2773789144937248,0.10438416250497587,0.030521108044972312,0.006682094741150954
159,160,1.0046954293648362,[0.8636279],0.619875,0.31656249999999997,0.13549999999999998,0.044437500000000005,0.013000000000000001,0.584044293864838,0.2769302534722612,0.10778413293175933,0.03285837069804477,0.008023046908251143
160,161,0.9952955812129133,[0.83911681],0.6163125,0.3153125,0.13299999999999998,0.04606249999999999,0.011750000000000005,0.5833395044271698,0.27299388217750986,0.10225318386968152,0.03055750779584812,0.006646506271640607
161,162,0.9799112360654636,[0.84289434],0.616125,0.31218749999999995,0.12874999999999998,0.043,0.011812500000000004,0.5832564993851409,0.274955629572298,0.10207467195500892,0.030004500240239672,0.007086974632170603
162,163,0.9864073935224594,[0.83939588],0.6144999999999999,0.31381250000000005,0.12937500000000002,0.04281250000000001,0.012062500000000002,0.5814581928848831,0.27407574846402627,0.10093721571544219,0.02922208863162177,0.007209137204009436
163,164,1.0091140556725926,[0.8580555],0.6159375,0.321,0.1351875,0.04712499999999999,0.012937500000000005,0.5858384291269025,0.2783698929578898,0.10359755684454822,0.03094511808861637,0.008641608967891474
164,165,1.0195320313735663,[0.87247528],0.6252500000000001,0.319875,0.1359375,0.04875,0.012625000000000003,0.5908433725748341,0.28127437938655164,0.10679444327724438,0.03449439773696957,0.007726792200772385
165,166,0.9965058171618153,[0.8477972],0.6213125,0.318,0.130375,0.04375,0.013000000000000003,0.5856768515136367,0.27579270217528223,0.10217443035395177,0.030432861752105096,0.006954607317560806
166,167,0.9771551274369843,[0.85196647],0.6156875,0.30793750000000003,0.12856250000000002,0.044437500000000005,0.012437500000000004,0.5843481093477424,0.2748108704652303,0.10333263066736156,0.0324995205731435,0.007264152244122904
167,168,0.9787680091340528,[0.86119008],0.6073124999999999,0.30968749999999995,0.1311875,0.04362499999999999,0.011875,0.5847921442074209,0.2802507954283462,0.10565470142407685,0.03141845822025156,0.007929311657133311
168,169,1.0116420770952246,[0.87920897],0.6230625,0.324875,0.134,0.04568749999999999,0.011875000000000005,0.5929435642967856,0.2844257443738295,0.109646696655384,0.03306257490999364,0.00830303431216695
169,170,0.9987827699851689,[0.84935513],0.615,0.31300000000000006,0.13118749999999998,0.0485,0.012812500000000001,0.585239502475204,0.2771359702452162,0.10393772811478444,0.030091718490373676,0.0067033900404947
170,171,1.0059853093644677,[0.8785434],0.6246250000000001,0.31725000000000003,0.13574999999999998,0.045687500000000006,0.0123125,0.5929126479930487,0.2836195075728037,0.10857721623336562,0.03288925366220695,0.008572094191733466
171,172,1.0093773652440956,[0.87802676],0.6233125000000002,0.31681250000000005,0.1350625,0.04531249999999999,0.013062500000000005,0.5881125413466994,0.2804064089271211,0.10758013045306485,0.0338726430016596,0.00934200730310294
172,173,1.0095683566254285,[0.86160298],0.622375,0.319375,0.13475,0.04787499999999999,0.013187500000000001,0.5905355804907166,0.2792484549388139,0.1051709333736051,0.032663164987644044,0.007510548011527965
173,174,1.0117863349986802,[0.88657238],0.61875,0.3176875,0.13699999999999998,0.0490625,0.0140625,0.5917540868806824,0.28205596273386624,0.11022648283813605,0.035798517820395274,0.00871609076698308
174,175,1.006154268753946,[0.88367875],0.613625,0.319875,0.13625,0.04643750000000001,0.012500000000000002,0.5943939847116708,0.28706406123020767,0.11192083443240411,0.03388016908369971,0.0075550836394357584
175,176,1.0145757186879345,[0.86178512],0.6188125,0.321125,0.1348125,0.046375,0.014062499999999997,0.5855745224181378,0.27820812876156925,0.1052944376317981,0.03233964551337196,0.0082359543787239
176,177,1.0011103619388884,[0.89177167],0.6165625000000001,0.31687499999999996,0.1335,0.0475,0.012187500000000004,0.5958560229640042,0.2890914017455697,0.1112605006014612,0.03501087773205404,0.008422840170019867
177,178,1.0122628983090487,[0.90078011],0.6189375000000001,0.32068749999999996,0.13506250000000003,0.0466875,0.013125000000000001,0.5959358385960808,0.2893081511295219,0.11318267576449552,0.035703269056661185,0.00926311757548745
178,179,1.0111329623080654,[0.87358585],0.6220625,0.32218749999999996,0.1371875,0.0451875,0.0123125,0.5946780653989634,0.2861659284069966,0.10844152594169765,0.031114751412886853,0.007404142228832375
179,180,1.0108033008476416,[0.89651016],0.6193125,0.3171875,0.1345,0.0496875,0.012625000000000003,0.5957913588440011,0.2884223685879693,0.11322483458221869,0.035671055566358204,0.00862084586827989
180,181,1.0140133185084683,[0.89118516],0.6170000000000001,0.3200625,0.13474999999999998,0.0475,0.013125000000000001,0.5914819884884845,0.28525330733024173,0.11046491186613012,0.036286418358542634,0.00971664006200255
181,182,1.0005750542482148,[0.88093595],0.6234999999999999,0.31781249999999994,0.13306249999999997,0.04718750000000001,0.012312500000000006,0.5913620677266872,0.2824268051592671,0.11019566311160292,0.03380198788426657,0.00883653824539049
182,183,0.9860973328096175,[0.87788815],0.6098750000000001,0.311375,0.13050000000000003,0.045937500000000006,0.012375000000000004,0.5886063005703599,0.28216763061798933,0.1085026329525356,0.034283426475011744,0.00834076651796208
183,184,0.994780232976689,[0.87129266],0.6175,0.31962500000000005,0.13374999999999998,0.044750000000000005,0.010687500000000004,0.5952661119508182,0.28598819827248,0.10753620576630787,0.031968007428193806,0.007198617449444019
184,185,0.9795763094531835,[0.88907612],0.6108125,0.312625,0.129625,0.042625,0.011750000000000002,0.5921136365286325,0.28409004975028973,0.11156762032999497,0.03545534974355382,0.008689340887600426
185,186,0.9946142173610047,[0.89590428],0.6124375,0.31993749999999993,0.13168749999999999,0.0456875,0.012312500000000006,0.5989757010420148,0.2896936260796562,0.11350988234550552,0.034257496819457965,0.008424181925353713
186,187,1.006938229740811,[0.89659676],0.6240625,0.32168749999999996,0.13474999999999998,0.045375000000000006,0.011500000000000002,0.5967391599586056,0.28986702284310406,0.11202949805365618,0.03538510639619496,0.008812649809739389
187,188,0.9915576126551461,[0.88333025],0.6135,0.31381249999999994,0.1305,0.045875000000000006,0.011562500000000005,0.5920296946951935,0.2855354164056495,0.1107547489901052,0.034378511224767004,0.007726662743443332
188,189,0.9936729937676745,[0.88391532],0.6203125,0.318875,0.13393750000000001,0.043375000000000004,0.0111875,0.5959414089679321,0.2875582619432945,0.11080449815292966,0.03347103601240581,0.007704966848932559
189,190,1.0029719432714788,[0.88790261],0.6194375000000001,0.3199375,0.1334375,0.047375,0.0118125,0.59574920107642,0.2884689772022816,0.11142976405947766,0.03335232502170353,0.00807564318282648
190,191,0.9855172021405973,[0.87330048],0.6129375000000001,0.31837499999999996,0.12724999999999997,0.04375,0.010687500000000003,0.5909450044967751,0.28028203494538495,0.10666143218459705,0.032660712815904554,0.008561392719746234
191,192,1.0031937614336353,[0.89411901],0.6149375000000001,0.31606249999999997,0.13624999999999998,0.046624999999999986,0.013000000000000003,0.5928714389625496,0.28877215601306294,0.11155784655229029,0.03579215494389006,0.008736897892195047
192,193,1.0143283589871404,[0.8997879],0.6174374999999999,0.3244375,0.1368125,0.0463125,0.012625,0.5983563984043572,0.290848872937172,0.11496204919981645,0.03483583567078076,0.008409964483419867
193,194,1.014329399584586,[0.9021551],0.6194999999999999,0.3205,0.13612500000000002,0.047937499999999994,0.013500000000000003,0.597270628993355,0.2931558774288127,0.11473071359203502,0.03565634024810706,0.008411931423010829
194,195,1.018212790465379,[0.90493364],0.6241874999999999,0.324,0.13574999999999998,0.045687500000000006,0.0141875,0.5978639000249766,0.2932934031873913,0.11606291630059931,0.03556016309478469,0.008704672684967645
195,196,1.0252815342674695,[0.92542386],0.6151875,0.32331249999999995,0.13906249999999998,0.0496875,0.013750000000000002,0.5995523562180107,0.29532516106547224,0.1180779291491868,0.037612343309594995,0.010284886639829821
196,197,1.0167715592449384,[0.92821507],0.6221875,0.315875,0.1360625,0.04743750000000001,0.014625000000000003,0.6032246426151466,0.29651366866498174,0.11786974317423529,0.03906020226275754,0.010066108733757715
197,198,0.9964355845800078,[0.8975838],0.6187500000000001,0.31925000000000003,0.1311875,0.043,0.012250000000000006,0.5980203105871987,0.29324874307548887,0.1108379137626748,0.03449095531223192,0.008699170330627769
198,199,1.00141895244621,[0.90369424],0.619875,0.3183125,0.1325625,0.04618749999999999,0.011937500000000004,0.5964423159531014,0.2918688598060241,0.11522645251719336,0.035001302104441745,0.008797994555059686
199,200,0.9879874286167611,[0.88843627],0.618125,0.3164375,0.13125,0.04356249999999999,0.011875000000000004,0.5975325730539105,0.28909923728768766,0.11165337068192212,0.03409492781774462,0.007977123188223568
